{"cameraMode":{"drawMode":0,"name":"Shaded","section":"Shading Mode"},"sceneLighting":true,"audioPlay":false,"sceneViewState":{"showFog":true,"showMaterialUpdate":false,"showSkybox":true,"showFlares":true,"showImageEffects":true,"showParticleSystems":true},"in2DMode":false,"pivot":{"x":3.853322982788086,"y":8.360620498657227,"z":-6.585727691650391},"rotation":{"x":-0.025363845750689508,"y":0.9580502510070801,"z":-0.08965569734573364,"w":-0.27103549242019656},"size":16.198436737060548,"orthographic":false}